{
    "waypoints": {
        "spawn": [
            -212.08478495074095,
            74.12625763680599,
            73.14144639386089,
            "overworld"
        ],
        "center": [
            0.0,
            0.0,
            0.0,
            "overworld"
        ],
        "nether_portal": [
            -27.97605756578523,
            71.20000004768372,
            12.626973378068008,
            "the_nether"
        ]
    }
}